Municipios;ID_Provincia_tabla;Mail_Institucional
25 DE MAYO;2;licenciasdeconducir@gob.gba.gov.ar
30 DE AGOSTO;2;licenciasdeconducir@gob.gba.gov.ar
ADOLFO ALSINA;2;licenciasdeconducir@gob.gba.gov.ar
ADOLFO GONZALES CHAVES;2;licenciasdeconducir@gob.gba.gov.ar
ADROGUE;2;licenciasdeconducir@gob.gba.gov.ar
ALBERTI;2;licenciasdeconducir@gob.gba.gov.ar
ALMIRANTE SOLIER;2;licenciasdeconducir@gob.gba.gov.ar
ARRECIFES;2;licenciasdeconducir@gob.gba.gov.ar
AVELLANEDA;2;licenciasdeconducir@gob.gba.gov.ar
AYACUCHO;2;licenciasdeconducir@gob.gba.gov.ar
AZUL;2;licenciasdeconducir@gob.gba.gov.ar
BAHIA BLANCA;2;licenciasdeconducir@gob.gba.gov.ar
BALCARCE;2;licenciasdeconducir@gob.gba.gov.ar
BARADERO;2;licenciasdeconducir@gob.gba.gov.ar
BENITO JUAREZ;2;licenciasdeconducir@gob.gba.gov.ar
BERAZATEGUI;2;licenciasdeconducir@gob.gba.gov.ar
BERISSO;2;licenciasdeconducir@gob.gba.gov.ar
BOLIVAR;2;licenciasdeconducir@gob.gba.gov.ar
BRAGADO;2;licenciasdeconducir@gob.gba.gov.ar
CAMPANA;2;licenciasdeconducir@gob.gba.gov.ar
CAÑUELAS;2;licenciasdeconducir@gob.gba.gov.ar
CAPITAN SARMIENTO;2;licenciasdeconducir@gob.gba.gov.ar
CARLOS CASARES;2;licenciasdeconducir@gob.gba.gov.ar
CARLOS TEJEDOR;2;licenciasdeconducir@gob.gba.gov.ar
CARMEN DE ARECO;2;licenciasdeconducir@gob.gba.gov.ar
CARMEN DE PATAGONES;2;licenciasdeconducir@gob.gba.gov.ar
CASTELLI;2;licenciasdeconducir@gob.gba.gov.ar
CHACABUCO;2;licenciasdeconducir@gob.gba.gov.ar
CHASCOMUS;2;licenciasdeconducir@gob.gba.gov.ar
CHIVILCOY;2;licenciasdeconducir@gob.gba.gov.ar
COLON;2;licenciasdeconducir@gob.gba.gov.ar
CORONEL BRANDSEN;2;licenciasdeconducir@gob.gba.gov.ar
CORONEL DORREGO;2;licenciasdeconducir@gob.gba.gov.ar
CORONEL PRINGLES;2;licenciasdeconducir@gob.gba.gov.ar
CORONEL SUAREZ;2;licenciasdeconducir@gob.gba.gov.ar
DAIREAUX;2;licenciasdeconducir@gob.gba.gov.ar
DOLORES;2;licenciasdeconducir@gob.gba.gov.ar
EL RINCON;2;licenciasdeconducir@gob.gba.gov.ar
EL TEJAR;2;licenciasdeconducir@gob.gba.gov.ar
ENSENADA;2;licenciasdeconducir@gob.gba.gov.ar
EXALTACION DE LA CRUZ;2;licenciasdeconducir@gob.gba.gov.ar
EZEIZA;2;licenciasdeconducir@gob.gba.gov.ar
FLORENCIO VARELA;2;licenciasdeconducir@gob.gba.gov.ar
FLORENTINO AMEGHINO;2;licenciasdeconducir@gob.gba.gov.ar
GARIN;2;licenciasdeconducir@gob.gba.gov.ar
GARIN;2;licenciasdeconducir@gob.gba.gov.ar
GENERAL ALVARADO;2;licenciasdeconducir@gob.gba.gov.ar
GENERAL ALVEAR;2;licenciasdeconducir@gob.gba.gov.ar
GENERAL ARENALES;2;licenciasdeconducir@gob.gba.gov.ar
GENERAL BELGRANO;2;licenciasdeconducir@gob.gba.gov.ar
GENERAL GUIDO;2;licenciasdeconducir@gob.gba.gov.ar
GENERAL LAMADRID;2;licenciasdeconducir@gob.gba.gov.ar
GENERAL LAS HERAS;2;licenciasdeconducir@gob.gba.gov.ar
GENERAL LAVALLE;2;licenciasdeconducir@gob.gba.gov.ar
GENERAL MADARIAGA;2;licenciasdeconducir@gob.gba.gov.ar
GENERAL PINTO;2;licenciasdeconducir@gob.gba.gov.ar
GENERAL RODRIGUEZ;2;licenciasdeconducir@gob.gba.gov.ar
GENERAL SAN MARTIN;2;licenciasdeconducir@gob.gba.gov.ar
GENERAL VILLEGAS;2;licenciasdeconducir@gob.gba.gov.ar
GONZALES CATAN;2;licenciasdeconducir@gob.gba.gov.ar
GRAND BOURG;2;licenciasdeconducir@gob.gba.gov.ar
GUAMINI;2;licenciasdeconducir@gob.gba.gov.ar
GUERNICA;2;licenciasdeconducir@gob.gba.gov.ar
HIPOLITO YRIGOYEN;2;licenciasdeconducir@gob.gba.gov.ar
HURLINGHAM;2;licenciasdeconducir@gob.gba.gov.ar
ITUZAINGO;2;licenciasdeconducir@gob.gba.gov.ar
JOSE CLEMENTE PAZ;2;licenciasdeconducir@gob.gba.gov.ar
JUNIN;2;licenciasdeconducir@gob.gba.gov.ar
LA PLATA;2;licenciasdeconducir@gob.gba.gov.ar
LANUS;2;licenciasdeconducir@gob.gba.gov.ar
LAPRIDA;2;licenciasdeconducir@gob.gba.gov.ar
LAS FLORES;2;licenciasdeconducir@gob.gba.gov.ar
LAS TONINAS;2;licenciasdeconducir@gob.gba.gov.ar
LEANDRO N ALEM;2;licenciasdeconducir@gob.gba.gov.ar
LEZAMA;2;licenciasdeconducir@gob.gba.gov.ar
LINCOLN;2;licenciasdeconducir@gob.gba.gov.ar
LOBERIA;2;licenciasdeconducir@gob.gba.gov.ar
LOBOS;2;licenciasdeconducir@gob.gba.gov.ar
LOMAS DE ZAMORA;2;licenciasdeconducir@gob.gba.gov.ar
LUJAN;2;licenciasdeconducir@gob.gba.gov.ar
MAGDALENA;2;licenciasdeconducir@gob.gba.gov.ar
MAIPU BA;2;licenciasdeconducir@gob.gba.gov.ar
MAR CHIQUITA;2;licenciasdeconducir@gob.gba.gov.ar
MAR DEL PLATA;2;licenciasdeconducir@gob.gba.gov.ar
MARCOS PAZ;2;licenciasdeconducir@gob.gba.gov.ar
MERCEDES;2;licenciasdeconducir@gob.gba.gov.ar
MERLO;2;licenciasdeconducir@gob.gba.gov.ar
MONTE GRANDE;2;licenciasdeconducir@gob.gba.gov.ar
MONTE HERMOSO;2;licenciasdeconducir@gob.gba.gov.ar
MORENO;2;licenciasdeconducir@gob.gba.gov.ar
MORON;2;licenciasdeconducir@gob.gba.gov.ar
NAVARRO;2;licenciasdeconducir@gob.gba.gov.ar
NECOCHEA;2;licenciasdeconducir@gob.gba.gov.ar
NORBERTO DE LA RIESTRA;2;licenciasdeconducir@gob.gba.gov.ar
OLAVARRIA;2;licenciasdeconducir@gob.gba.gov.ar
PEDRO LURO;2;licenciasdeconducir@gob.gba.gov.ar
PEHUAJO;2;licenciasdeconducir@gob.gba.gov.ar
PELLEGRINI;2;licenciasdeconducir@gob.gba.gov.ar
PERGAMINO;2;licenciasdeconducir@gob.gba.gov.ar
PILA;2;licenciasdeconducir@gob.gba.gov.ar
PILAR;2;licenciasdeconducir@gob.gba.gov.ar
PINAMAR;2;licenciasdeconducir@gob.gba.gov.ar
PUAN;2;licenciasdeconducir@gob.gba.gov.ar
PUNTA INDIO;2;licenciasdeconducir@gob.gba.gov.ar
QUILMES;2;licenciasdeconducir@gob.gba.gov.ar
RAMALLO;2;licenciasdeconducir@gob.gba.gov.ar
RAMOS MEJIA;2;licenciasdeconducir@gob.gba.gov.ar
RAUCH;2;licenciasdeconducir@gob.gba.gov.ar
RIVADAVIA;2;licenciasdeconducir@gob.gba.gov.ar
ROJAS;2;licenciasdeconducir@gob.gba.gov.ar
ROQUE PEREZ;2;licenciasdeconducir@gob.gba.gov.ar
SAAVEDRA;2;licenciasdeconducir@gob.gba.gov.ar
SALADILLO;2;licenciasdeconducir@gob.gba.gov.ar
SALLIQUELO;2;licenciasdeconducir@gob.gba.gov.ar
SALTO;2;licenciasdeconducir@gob.gba.gov.ar
SAN ANDRES DE GILES;2;licenciasdeconducir@gob.gba.gov.ar
SAN ANTONIO DE ARECO;2;licenciasdeconducir@gob.gba.gov.ar
SAN CAYETANO;2;licenciasdeconducir@gob.gba.gov.ar
SAN FERNANDO;2;licenciasdeconducir@gob.gba.gov.ar
SAN ISIDRO;2;licenciasdeconducir@gob.gba.gov.ar
SAN JUSTO;2;licenciasdeconducir@gob.gba.gov.ar
SAN MIGUEL;2;licenciasdeconducir@gob.gba.gov.ar
SAN MIGUEL DEL MONTE;2;licenciasdeconducir@gob.gba.gov.ar
SAN NICOLAS DE LOS ARROYOS;2;licenciasdeconducir@gob.gba.gov.ar
SAN PEDRO - BUENOS AIRES;2;licenciasdeconducir@gob.gba.gov.ar
SAN ROQUE;2;licenciasdeconducir@gob.gba.gov.ar
SAN VICENTE;2;licenciasdeconducir@gob.gba.gov.ar
SANTA CLARA DEL MAR;2;licenciasdeconducir@gob.gba.gov.ar
STROEDER;2;licenciasdeconducir@gob.gba.gov.ar
SUIPACHA;2;licenciasdeconducir@gob.gba.gov.ar
TANDIL;2;licenciasdeconducir@gob.gba.gov.ar
TAPALQUE;2;licenciasdeconducir@gob.gba.gov.ar
TIGRE;2;licenciasdeconducir@gob.gba.gov.ar
TORDILLO;2;licenciasdeconducir@gob.gba.gov.ar
TORNQUIST;2;licenciasdeconducir@gob.gba.gov.ar
TRENQUE LAUQUEN;2;licenciasdeconducir@gob.gba.gov.ar
TRES ARROYOS;2;licenciasdeconducir@gob.gba.gov.ar
TRES DE FEBRERO;2;licenciasdeconducir@gob.gba.gov.ar
TRES LOMAS;2;licenciasdeconducir@gob.gba.gov.ar
VICENTE LOPEZ;2;licenciasdeconducir@gob.gba.gov.ar
VILLA GESELL;2;licenciasdeconducir@gob.gba.gov.ar
VILLALONGA;2;licenciasdeconducir@gob.gba.gov.ar
VILLANUEVA;2;licenciasdeconducir@gob.gba.gov.ar
ZARATE;2;licenciasdeconducir@gob.gba.gov.ar
CAPITAL;3;sfvcatamarca.catamarca@sinalic.gob.ar
HUILLAPIMA;3;huillapima.catamarca@sinalic.gob.ar
LOS ALTOS;3;
POMAN;3;poman.catamarca@sinalic.gob.ar
RECREO;3;recreo.catamarca@sinalic.gob.ar
FONTANA;4;fontana.chaco@sinalic.gob.ar
RESISTENCIA;4;resistencia.chaco@sinalic.gob.ar
VILLA ANGELA;4;villaangela.chaco@sinalic.gob.ar
CHOLILA;5;cholila.chubut@sinalic.gob.ar
COMODORO RIVADAVIA - Viamonte;5;comodororivadavia.viamonte.chubut@sinalic.gob.ar
COMODORO RIVADAVIA;5;comodororivadavia.chubut@sinalic.gob.ar
EL HOYO;5;elhoyo.chubut@sinalic.gob.ar
EL MAITEN;5;elmaiten.chubut@sinalic.gob.ar
ESQUEL;5;esquel.chubut@sinalic.gob.ar
GAIMAN;5;gaiman.chubut@sinalic.gob.ar
PUERTO MADRYN;5;puertomadryn.chubut@sinalic.gob.ar
RADA TILLY;5;radatilly.chubut@sinalic.gob.ar
RAWSON;5;rawson.chubut@sinalic.gob.ar
TRELEW;5;trelew.chubut@sinalic.gob.ar
TREVELIN;5;trevelin.chubut@sinalic.gob.ar
(1001) C.A.B.A.;1;
(1001) C.A.B.A.;1;
(1001) C.A.B.A.;1;
(1001) C.A.B.A.;1;
(1001) C.A.B.A.;1;
(1001) C.A.B.A.;1;
(1001) C.A.B.A.;1;
(1001) C.A.B.A.;1;
(1001) C.A.B.A.;1;
(1001) C.A.B.A.;1;
(1001) C.A.B.A.;1;
(1001) C.A.B.A.;1;
(1001) C.A.B.A.;1;
(1039) C.A.B.A.;1;
(1139) C.A.B.A.;1;
(1425) C.A.B.A.;1;
ALEJANDRO ROCA;6;alejandroroca.cordoba@sinalic.gob.ar
ALTO ALEGRE;6;altoalegre.cordoba@sinalic.gob.ar
ANISACATE;6;anisacate.cordoba@sinalic.gob.ar
BELL VILLE;6;bellville.cordoba@sinalic.gob.ar
CAVANAGH;6;
COLONIA BISMARCK;6;coloniabismarck.cordoba@sinalic.gob.ar
CORDOBA;6;cordoba.cordoba@sinalic.gob.ar
COR-CPC N° 12 CEN. CULT. SAN VICENTE;6;cpc12.cordoba@sinalic.gob.ar
COR-CPC N° 6 VILLA EL LIBERTADOR;6;cpc6.cordoba@sinalic.gob.ar
COR-CPC N° 10 MER. DE LA CIUDAD;6;cpc10.cordoba@sinalic.gob.ar
COR-CPC N°11 GUIÑAZU;6;cpc11.cordoba@sinalic.gob.ar
COR-CPC N° 9 RANCAGUA;6;cpc9.cordoba@sinalic.gob.ar
COR-CPC13CHALET SAN FELIPE;6;cpc13.cordoba@sinalic.gob.ar
COR-CPC N° 2 MONSEÑOR;6;"cpc2.cordoba@sinalic.gob.ar
cpc2.cordoba@sinalic.gob.ar"
COR-CPC N°7 EMPALME;6;cpc7.cordoba@sinalic.gob.ar
CORDOBA - CPC5;6;cpc5.cordoba@sinalic.gob.ar
COR-CPC N°3 ARGÜELLO;6;cpc3.cordoba@sinalic.gob.ar
COR-CPC N° 8 PUEYRREDON;6;cpc8.cordoba@sinalic.gob.ar
COR-CPC N°1 CENTRO AMERICA;6;cpc1.cordoba@sinalic.gob.ar
COR-CPC N°4 COLON;6;cpc4colon.cordoba@sinalic.gob.ar
CORRAL DE BUSTOS IFFLINGER;6;corraldebustos.cordoba@sinalic.gob.ar
DALMACIO VÉLEZ SARSFIELD;6;dalmaciovelezsarfield.cordoba@sinalic.gob.ar
ETRURIA;6;etruria.cordoba@sinalic.gob.ar
GENERAL LEVALLE;6;generallevalle.cordoba@sinalic.gob.ar
IDIAZABAL;6;isiazabal.cordoba@sinalic.gob.ar
JUSTINIANO POSSE;6;justinianoposee.cordoba@sinalic.gob.ar
LA FALDA;6;lafalda.cordoba@sinalic.gob.ar
LABOULAYE;6;laboulaye.cordoba@sinalic.gob.ar
LAS ACEQUIAS;6;lasacequias.cordoba@sinalic.gob.ar
LOS CISNES;6;loscisnes.cordoba@sinalic.gob.ar
LUYABA;6;luyaba.cordoba@sinalic.gob.ar
MARCOS JUAREZ;6;marcosjuarez.cordoba@sinalic.gob.ar
MONTE BUEY;6;montebuey.cordoba@sinalic.gob.ar
MONTE MAIZ;6;montemaiz.cordoba@sinalic.gob.ar
MORRISON;6;morrison.cordoba@sinalic.gob.ar
NOETINGER;6;noetinger.cordoba@sinalic.gob.ar
OLIVA;6;oliva.cordoba@sinalic.gob.ar
PAMPAYASTA SUD;6;pampayastasud.cordoba@sinalic.gob.ar
PASCANAS;6;pascanas.cordoba@sinalic.gob.ar
PUEBLO ITALIANO;6;puebloitaliano.cordoba@sinalic.gob.ar
RIO DE LOS SAUCES;6;riodelossauces.cordoba@sinalic.gob.ar
RIO PRIMERO;6;rioprimero.cordoba@sinalic.gob.ar
SAN ANTONIO DE ARREDONDO;6;sanantoniodearredondo.cordoba@sinalic.gob.ar
SAN MARCOS SUD;6;sanmarcossud.cordoba@sinalic.gob.ar
UCACHA;6;ucacha.cordoba@sinalic.gob.ar
UCACHA;6;ucacha.cordoba@sinalic.gob.ar
VALLE HERMOSO;6;vallehermoso.cordoba@sinalic.gob.ar
VILLA ALLENDE;6;villaallende.cordoba@sinalic.gob.ar
VILLA CARLOS PAZ;6;villacarlospaz.cordoba@sinalic.gob.ar
VILLA MARIA;6;villamaria.cordoba@sinalic.gob.ar
WENCESLAO ESCALANTE;6;wenceslaoescalante.cordoba@sinalic.gob.ar
BELLA VISTA;7;bellavista.corrientes@sinalic.gob.ar
BERON DE ASTRADA;7;berondeastrada.corrientes@sinalic.gob.ar
CORRIENTES;7;corrientes.corrientes@sinalic.gob.ar
CORRIENTES;7;corrientes.corrientes@sinalic.gob.ar
CURUZÚ CUATIÁ;7;curuzucuatia.corrientes@sinalic.gob.ar
ESQUINA;7;esquina.corrientes@sinalic.gob.ar
GOBERNADOR VIRASORO;7;gobernadorvirasoro.corrientes@sinalic.gob.ar
GOYA;7;goya.corrientes@sinalic.gob.ar
ITUZAINGO;7;ituzaingo.corrientes@sinalic.gob.ar
LA CRUZ;7;lacruz.corrientes@sinalic.gob.ar
MERCEDES;7;mercedes.corrientes@sinalic.gob.ar
PASO DE LOS LIBRES;7;pasodeloslibres.corrientes@sinalic.gob.ar
RAMADA PASO;7;ramadapaso.corrientes@sinalic.gob.ar
SALADAS;7;saladas.corrientes@sinalic.gob.ar
SAN LUIS DEL PALMAR;7;sanluisdelpalmar.corrientes@sinalic.gob.ar
SAN ROQUE;7;sanroque.corrientes@sinalic.gob.ar
SANTA LUCIA;7;santalucia.corrientes@sinalic.gob.ar
SANTO TOME;7;santotome.corrientes@sinalic.gob.ar
ALDEA SAN ANTONIO;8;aldeasanantonio.entrerios@sinalic.gob.ar
ALDEA VALLE MARIA;8;aldeavallemaria.entrerios@sinalic.gob.ar
BASAVILBASO;8;basavilbaso.entrerios@sinalic.gob.ar
CASEROS;8;caseros.entrerios@sinalic.gob.ar
CERRITO;8;cerrito.entrerios@sinalic.gob.ar
CHAJARI;8;chajari.entrerios@sinalic.gob.ar
COLONIA AVELLANEDA;8;coloniaavellaneda.entrerios@sinalic.gob.ar
CONCEPCION DEL URUGUAY;8;concepciondeluruguay.entrerios@sinalic.gob.ar
CONCORDIA;8;concordia.entrerios@sinalic.gob.ar
CRESPO;8;crespo.entrerios@sinalic.gob.ar
DIAMANTE;8;diamante.entrerios@sinalic.gob.ar
ENRIQUE CARBO;8;enriquecarbo.entrerios@sinalic.gob.ar
ESTANCIA GRANDE;8;estanciagrande.entrerios@sinalic.gob.ar
GENERAL CAMPOS;8;generalcampos.entrerios@sinalic.gob.ar
GOBERNADOR MACIA;8;gobernadormacia.entrerios@sinalic.gob.ar
GRAL. GALARZA;8;gral.galarza.entrerios@sinalic.gob.ar
GUALEGUAY;8;gualeguay.entrerios@sinalic.gob.ar
GUALEGUAYCHU;8;gualeguaychu.entrerios@sinalic.gob.ar
HERNANDARIAS;8;hernandarias.entrerios@sinalic.gob.ar
HERRERA;8;herrera.entrerios@sinalic.gob.ar
LA PAZ;8;lapaz.entrerios@sinalic.gob.ar
LIBERTADOR SAN MARTIN;8;libertadorsanmartin.entrerios@sinalic.gob.ar
LOS CHARRUAS;8;loscharruas.entrerios@sinalic.gob.ar
LOS CONQUISTADORES;8;losconquistadores.entrerios@sinalic.gob.ar
NOGOYA;8;nogoya.entrerios@sinalic.gob.ar
ORO VERDE;8;oroverde.entrerios@sinalic.gob.ar
PARANA;8;parana.entrerios@sinalic.gob.ar
PRIMERO DE MAYO;8;primerodemayo.entrerios@sinalic.gob.ar
PUEBLO GENERAL BELGRANO;8;pueblogralbelgrano.entrerios@sinalic.gob.ar
PUERTO YERUA;8;puertoyerua.entrerios@sinalic.gob.ar
RAMIREZ;8;ramirez.entrerios@sinalic.gob.ar
SAN BENITO;8;sanbenito.entrerios@sinalic.gob.ar
SAN JAIME DE LA FRONTERA;8;sanjaimedelafrontera.entrerios@sinalic.gob.ar
SAN JOSE;8;sanjose.entrerios@sinalic.gob.ar
SAN SALVADOR;8;sansalvador.entrerios@sinalic.gob.ar
SANTA ANA;8;santaana.entrerios@sinalic.gob.ar
SANTA ROSA DE VILLAGUAY;8;santarosadevillaguay.entrerios@sinalic.gob.ar
SAUCE DE LUNA;8;saucedeluna.entrerios@sinalic.gob.ar
URDINARRAIN;8;urdinarrain.entrerios@sinalic.gob.ar
VIALE;8;viale.entrerios@sinalic.gob.ar
VICTORIA;8;victoria.entrerios@sinalic.gob.ar
VILLA CLARA;8;villaclara.entrerios@sinalic.gob.ar
VILLA DEL ROSARIO;8;villadelrosario.entrerios@sinalic.gob.ar
VILLA MANTERO;8;villamantero.entrerios@sinalic.gob.ar
FORMOSA;9;formosa.formosa@sinalic.gob.ar
EL CARMEN;10;elcarmen.jujuy@sinalic.gob.ar
FRAILE PINTADO;10;frailepintado.jujuy@sinalic.gob.ar
HUMAHUACA;10;humahuaca.jujuy@sinalic.gob.ar
LA QUIACA;10;laquiaca.jujuy@sinalic.gob.ar
LIBERTADOR GRAL SAN MARTIN;10;libertadorgralsanmartin.jujuy@sinalic.gob.ar
MONTERRICO;10;monterrico.jujuy@sinalic.gob.ar
PALPALA;10;palpala.jujuy@sinalic.gob.ar
PERICO;10;perico.jujuy@sinalic.gob.ar
PERICO;10;perico.jujuy@sinalic.gob.ar
SAN PEDRO;10;sanpedro.jujuy@sinalic.gob.ar
SAN SALVADOR DE JUJUY;10;sansalvadordejujuy.jujuy@sinalic.gob.ar
YUTO;10;yuto.jujuy@sinalic.gob.ar
GENERAL ACHA;11;generalacha.lapampa@sinalic.gob.ar
GENERAL PICO;11;generalpico.lapampa@sinalic.gob.ar
RANCUL;11;rancul.lapampa@sinalic.gob.ar
REALICO;11;realico.lapampa@sinalic.gob.ar
SANTA ROSA LP;11;santarosa.lapampa@sinalic.gob.ar
WINIFREDA;11;winifreda.lapampa@sinalic.gob.ar
ARAUCO;12;arauco.larioja@sinalic.gob.ar
CHEPES;12;chepes.larioja@sinalic.gob.ar
CHILECITO;12;chilecito.larioja@sinalic.gob.ar
GENERAL SAN MARTIN;12;ulapes.larioja@sinalic.gob.ar
LA RIOJA - CeparNorte;12;ceparnorte.larioja@sinalic.gob.ar
LA RIOJA - CeparSur;12;ceparsur.larioja@sinalic.gob.ar
SAN BLAS DE LOS SAUCES;12;sanblasdelossauces.larioja@sinalic.gob.ar
VILLA CASTELLI;12;villacastelli.larioja@sinalic.gob.ar
VILLA SANAGASTA;12;villasanagasta.larioja@sinalic.gob.ar
VILLA UNION;12;villaunion.larioja@sinalic.gob.ar
GENERAL ALVEAR;13;generalalvear.mendoza@sinalic.gob.ar
GODOY CRUZ;13;godoycruz.mendoza@sinalic.gob.ar
GUAYMALLEN;13;guaymallen.mendoza@sinalic.gob.ar
JUNIN;13;junin.mendoza@sinalic.gob.ar
LA PAZ;13;lapaz.mendoza@sinalic.gob.ar
LAS HERAS;13;lasheras.mendoza@sinalic.gob.ar
LAVALLE VILLA TULUMAYA;13;lavallevillatulumaya.mendoza@sinalic.gob.ar
LUJAN DE CUYO;13;lujandecuyo.mendoza@sinalic.gob.ar
MAIPU;13;maipu.mendoza@sinalic.gob.ar
MALARGUE;13;malargue.mendoza@sinalic.gob.ar
MENDOZA;13;mendoza.mendoza@sinalic.gob.ar
RIVADAVIA;13;rivadavia.mendoza@sinalic.gob.ar
SAN CARLOS;13;sancarlos.mendoza@sinalic.gob.ar
SAN MARTIN;13;sanmartin.mendoza@sinalic.gob.ar
SAN RAFAEL;13;sanrafael.mendoza@sinalic.gob.ar
SANTA ROSA;13;santarosa.mendoza@sinalic.gob.ar
TUNUYAN;13;tunuyan.mendoza@sinalic.gob.ar
TUPUNGATO;13;tupungato.mendoza@sinalic.gob.ar
USPALLATA;13;uspallata.mendoza@sinalic.gob.ar
2 DE MAYO;14;2demayo.misiones@sinalic.gob.ar
25 DE MAYO;14;25demayo.misiones@sinalic.gob.ar
ARISTOBULO DEL VALLE;14;aristobulodelvalle.misiones@sinalic.gob.ar
BERNARDO DE IRIGOYEN;14;bernardodeirigoyen.misiones@sinalic.gob.ar
CAMPO VIERA;14;campoviera.misiones@sinalic.gob.ar
CERRO AZUL;14;cerroazul.misiones@sinalic.gob.ar
COLONIA WANDA;14;coloniawanda.misiones@sinalic.gob.ar
DOS ARROYOS;14;dosarroyos.misiones@sinalic.gob.ar
ELDORADO;14;eldorado.misiones@sinalic.gob.ar
JARDIN AMERICA;14;jardinamerica.misiones@sinalic.gob.ar
MONTECARLO;14;montecarlo.misiones@sinalic.gob.ar
OBERA;14;obera.misiones@sinalic.gob.ar
POSADAS;14;posadas.misiones@sinalic.gob.ar
PUERTO ESPERANZA;14;puertoesperanza.misiones@sinalic.gob.ar
PUERTO RICO;14;puertorico.misiones@sinalic.gob.ar
SAN VICENTE;14;sanvicente.misiones@sinalic.gob.ar
SANTA ANA;14;santaana.misiones@sinalic.gob.ar
CENTENARIO;15;centenario.neuquen@sinalic.gob.ar
CHOS MALAL;15;chosmalal.neuquen@sinalic.gob.ar
EL HUECU;15;elhuecu.neuquen@sinalic.gob.ar
JUNIN DE LOS ANDES;15;junindelosandes.neuquen@sinalic.gob.ar
NEUQUÉN - Santa Teresa;15;santateresa.neuquen@sinalic.gob.ar
NEUQUÉN - Alta Barda;15;altabarda.neuquen@sinalic.gob.ar
NEUQUÉN - Progreso;15;progreso.neuquen@sinalic.gob.ar
NEUQUÉN - Eton;15;eton.neuquen@sinalic.gob.ar
NEUQUÉN - Alto Godoy;15;altogodoy.neuquen@sinalic.gob.ar
PLAZA HUINCUL;15;plazahuincul.neuquen@sinalic.gob.ar
PLOTTIER;15;plottier.neuquen@sinalic.gob.ar
SAN MARTIN DE LOS ANDES;15;sanmartindelosandes.neuquen@sinalic.gob.ar
SAN PATRICIO DEL CHAÑAR;15;sanpatriciodelchanar.neuquen@sinalic.gob.ar
SENILLOSA;15;senillosa.neuquen@sinalic.gob.ar
VILLA LA ANGOSTURA;15;villalaangostura.neuquen@sinalic.gob.ar
ALLEN;16;allen.rionegro@sinalic.gob.ar
SAN CARLOS DE BARILOCHE;16;bariloche.rionegro@sinalic.gob.ar
CATRIEL;16;catriel.rionegro@sinalic.gob.ar
CHICHINALES;16;chichinales.rionegro@sinalic.gob.ar
CHIMPAY;16;chimpay.rionegro@sinalic.gob.ar
CHOELE CHOEL;16;choelechoel.rionegro@sinalic.gob.ar
CINCO SALTOS;16;cincosaltos.rionegro@sinalic.gob.ar
CIPOLLETTI;16;cipolletti.rionegro@sinalic.gob.ar
CORONEL BELISLE;16;coronelbelisle.rionegro@sinalic.gob.ar
DARWIN;16;darwin.rionegro@sinalic.gob.ar
DINA HUAPI;16;dinahuapi.rionegro@sinalic.gob.ar
EL BOLSON;16;elbolson.rionegro@sinalic.gob.ar
GENERAL CONESA;16;generalconesa.rionegro@sinalic.gob.ar
GENERAL ENRIQUE GODOY;16;generalenriquegodoy.rionegro@sinalic.gob.ar
INGENIERO HUERGO;16;ingenierohuergo.rionegro@sinalic.gob.ar
INGENIERO JACOBACCI;16;ingenierojacobacci.rionegro@sinalic.gob.ar
LAMARQUE;16;lamarque.rionegro@sinalic.gob.ar
LAS GRUTAS;16;lasgrutas.rionegro@sinalic.gob.ar
LUIS BELTRAN;16;luisbeltran.rionegro@sinalic.gob.ar
MAINQUE;16;mainque.rionegro@sinalic.gob.ar
MINISTRO RAMOS MEXIA;16;ramosmexia.rionegro@sinalic.gob.ar
RIO COLORADO;16;riocolorado.rionegro@sinalic.gob.ar
SAN ANTONIO OESTE;16;sanantoniooeste.rionegro@sinalic.gob.ar
SIERRA COLORADA;16;sierracolorada.rionegro@sinalic.gob.ar
SIERRA GRANDE;16;sierragrande.rionegro@sinalic.gob.ar
VIEDMA;16;viedma.rionegro@sinalic.gob.ar
AGUARAY;17;aguaray.salta@sinalic.gob.ar
APOLINARIO SARAVIA;17;apolinariosaravia.salta@sinalic.gob.ar
CACHI;17;cachi.salta@sinalic.gob.ar
CAFAYATE;17;cafayate.salta@sinalic.gob.ar
CALDERA;17;caldera.salta@sinalic.gob.ar
CAMPO SANTO;17;camposanto.salta@sinalic.gob.ar
CHICOANA;17;chicoana.salta@sinalic.gob.ar
CORONEL MOLDES;17;coronelmoldes.salta@sinalic.gob.ar
EL GALPON;17;elgalpon.salta@sinalic.gob.ar
EL QUEBRACHAL;17;elquebrachal.salta@sinalic.gob.ar
GENERAL GUEMES;17;generalguemes.salta@sinalic.gob.ar
GENERAL MOSCONI;17;generalmosconi.salta@sinalic.gob.ar
JOAQUIN V. GONZÁLEZ;17;joaquinv.gonzalez.salta@sinalic.gob.ar
LA MERCED;17;lamerced.salta@sinalic.gob.ar
LAS LAJITAS;17;laslajitas.salta@sinalic.gob.ar
MOLINOS;17;molinos.salta@sinalic.gob.ar
PAYOGASTA;17;payogasta.salta@sinalic.gob.ar
ROSARIO DE LA FRONTERA;17;rosariodelafrontera.salta@sinalic.gob.ar
ROSARIO DE LERMA;17;rosariodelerma.salta@sinalic.gob.ar
SALTA-HIPERMERCADO LIBERTAD;17;
SALTA-Capital;17;salta.salta@sinalic.gob.ar
SALVADOR MAZZA;17;salvadormazza.salta@sinalic.gob.ar
SAN ANTONIO DE LOS COBRES;17;sanantoniodeloscobres.salta@sinalic.gob.ar
SAN JOSE DE LOS CERRILLOS;17;sanjosedeloscerrillos.salta@sinalic.gob.ar
SAN JOSE DE METAN;17;sanjosedemetan.salta@sinalic.gob.ar
SAN RAMON DE LA NUEVA ORAN;17;sanramondelanuevaoran.salta@sinalic.gob.ar
SECLANTAS;17;seclantas.salta@sinalic.gob.ar
TARTAGAL;17;tartagal.salta@sinalic.gob.ar
VAQUEROS;17;vaqueros.salta@sinalic.gob.ar
SAN JUAN-EMICAR;18;emicar.sanjuan@sinalic.gob.ar
SAN LUIS;19;sanluis.sanluis@sinalic.gob.ar
SAN LUIS;19;sanluis.sanluis@sinalic.gob.ar
SAN LUIS;19;sanluis.sanluis@sinalic.gob.ar
SAN LUIS;19;sanluis.sanluis@sinalic.gob.ar
28 DE NOVIEMBRE;20;28denoviembre.santacruz@sinalic.gob.ar
CALETA OLIVIA;20;caletaolivia.santacruz@sinalic.gob.ar
COMANDANTE LUIS PIEDRA BUENA;20;luispiedrabuena.santacruz@sinalic.gob.ar
LOS ANTIGUOS;20;losantiguos.santacruz@sinalic.gob.ar
PERITO MORENO;20;peritomoreno.santacruz@sinalic.gob.ar
PICO TRUNCADO;20;picotruncado.santacruz@sinalic.gob.ar
PUERTO SAN JULIAN;20;puertosanjulian.santacruz@sinalic.gob.ar
PUERTO SANTA CRUZ;20;puertosantacruz.santacruz@sinalic.gob.ar
RIO GALLEGOS;20;riogallegos.santacruz@sinalic.gob.ar
RIO TURBIO;20;rioturbio.santacruz@sinalic.gob.ar
ACEBAL;21;
ALCORTA;21;
ALVAREZ;21;
AREQUITO;21;
ARMSTRONG;21;
ARROYO SECO;21;
AVELLANEDA;21;
BERABEVU;21;
BIGAND;21;
BOMBAL;21;
BOUQUET;21;
CALCHAQUI;21;
CAÑADA DE GOMEZ;21;
CAPITAN BERMUDEZ;21;
CARCARAÑA;21;
CARLOS PELLEGRINI;21;
CARMEN;21;
CARRERAS;21;
CASILDA;21;
CERES;21;
CHABAS;21;
CHAÑAR LADEADO;21;
CHAPUY;21;
CORONDA;21;
CORONEL BOGADO;21;
CORREA;21;
EL TREBOL;21;
ELORTONDO;21;
EMPALME VILLA CONSTITUCION;21;
ESPERANZA;21;
FIRMAT;21;
FRANCK;21;
FRAY LUIS BELTRAN;21;
FRONTERA;21;
FUNES;21;
GALVEZ;21;
GOBERNADOR CRESPO;21;
GRANADERO BAIGORRIA;21;
HELVECIA;21;
HUGHES;21;
HUMBOLDT;21;
LAGUNA PAIVA;21;lagunapaiva.santafe@sinalic.gob.ar
LAS PAREJAS;21;
LAS ROSAS;21;
LAS TOSCAS;21;
LLAMBI CAMPBELL;21;
LOS QUIRQUINCHOS;21;
MACIEL;21;
MAGGIOLO;21;
MALABRIGO;21;
MARIA TERESA;21;
MAXIMO PAZ;21;
MELINCUE;21;
MONTE VERA;21;
MONTES DE OCA;21;
MURPHY;21;
PEREZ;21;
PILAR;21;
PUEBLO ESTHER;21;
PUERTO GENERAL SAN MARTIN;21;
RAFAELA;21;
RECONQUISTA;21;
ROLDAN;21;
ROMANG;21;
ROSARIO;21;
ROSARIO;21;
ROSARIO;21;
ROSARIO;21;
ROSARIO;21;
ROSARIO;21;
ROSARIO;21;
RUFINO;21;
SAN CARLOS CENTRO;21;
SAN CRISTOBAL;21;
SAN GREGORIO;21;
SAN GUILLERMO;21;sanguillermo.santafe@sinalic.gob.ar
SAN JAVIER;21;
SAN JERONIMO NORTE;21;
SAN JORGE;21;
SAN JOSE DE LA ESQUINA;21;
SAN JUSTO;21;
SAN LORENZO;21;
SAN VICENTE;21;
SANCTI SPIRITU;21;
SANTA FE;21;
SANTA ISABEL;21;
SANTA TERESA;21;
SANTO TOME;21;
SAUCE VIEJO;21;
SUARDI;21;
SUNCHALES;21;
TEODELINA;21;
TOSTADO;21;
TOTORAS;21;
VENADO TUERTO;21;
VERA;21;
VILLA CAÑAS;21;villacanas.santafe@sinalic.gob.ar
VILLA CONSTITUCION;21;villaconstitucion.santafe@sinalic.gob.ar
VILLA GOBERNADOR GALVEZ;21;
VILLA MINETTI;21;
VILLA OCAMPO;21;
VILLA TRINIDAD;21;
VILLADA;21;
WHEELWRIGHT;21;
AÑATUYA;22;anatuya.santiagodelestero@sinalic.gob.ar
FRIAS;22;frias.santiagodelestero@sinalic.gob.ar
LA BANDA;22;labanda.santiagodelestero@sinalic.gob.ar
MONTE QUEMADO;22;montequemado.santiagodelestero@sinalic.gob.ar
PINTO;22;pinto.santiagodelestero@sinalic.gob.ar
QUIMILÍ;22;quimili.santiagodelestero@sinalic.gob.ar
SANTIAGO DEL ESTERO;22;capital.santiagodelestero@sinalic.gob.ar
SANTIAGO DEL ESTERO;22;capital.santiagodelestero@sinalic.gob.ar
SELVA;22;selva.santiagodelestero@sinalic.gob.ar
TERMAS DE RIO HONDO;22;termasderiohondo.santiagodelestero@sinalic.gob.ar
VILLA OJO DE AGUA;22;villaojodeagua.santiagodelestero@sinalic.gob.ar
RIO GRANDE;23;riogrande.tierradelfuego@sinalic.gob.ar
TOLHUIN;23;tolhuin.tierradelfuego@sinalic.gob.ar
USHUAIA;23;ushuaia.tierradelfuego@sinalic.gob.ar
AGUILARES;24;aguilares.tucuman@sinalic.gob.ar
ALDERETES;24;alderetes.tucuman@sinalic.gob.ar
BANDA DE RIO SALI;24;bandadelriosali.tucuman@sinalic.gob.ar
CONCEPCION;24;concepcion.tucuman@sinalic.gob.ar
LAS TALITAS;24;lastalitas.tucuman@sinalic.gob.ar
LULES;24;lules.tucuman@sinalic.gob.ar
MONTEROS;24;monteros.tucuman@sinalic.gob.ar
SAN MIGUEL DE TUCUMAN;24;sanmigueldetucuman.tucuman@sinalic.gob.ar
TUCU-SEDE ROCA Y ALFARO;24;"rocayalfaro.tucuman@sinalic.gob.ar
rocayalfaro.tucuman@sinalic.gob.ar"
TAFI VIEJO;24;tafiviejo.tucuman@sinalic.gob.ar
YERBA BUENA;24;yerbabuena.tucuman@sinalic.gob.ar
CORONEL DORREGO;1;
RIACHUELO;7;riachuelo.corrientes@sinalic.gob.ar
CANDELARIA;14;candelaria.misiones@sinalic.gob.ar
Capilla Del Monte;6;capilladelmonte.cordoba@sinalic.gob.ar
Rosario Vera Peñaloza;12;rosarioberapenaloza.larioja@sinalic.gob.ar
La Criolla;8;lacriolla.entrerios@sinalic.gob.ar
Zapala;15;zapala.neuquen@sinalic.gob.ar
Huinca Renanco;6;huincarenanco.cordoba@sinalic.gob.ar
Laborde;6;laborde.cordoba@sinalic.gob.ar
Sarmiento;5;sarmiento.chubut@sinalic.gob.ar
El Jardin;17;eljardin.salta@sinalic.gob.ar
ANIMANA;17;animana.salta@sinalic.gob.ar
SAN FDO DEL VALLE DE CATAMARCA;3;sfvcatamarca.catamarca@sinalic.gob.ar
Tilcara;10;tilcara.jujuy@sinalic.gob.ar
CHAMICAL;12;chamical.larioja@sinalic.gob.ar
HUINGAN-CO;15;huinganco.neuquen@sinalic.gob.ar
Piquillin;6;piquillin.cordoba@sinalic.gob.ar
FAMAILLA;24;famailla.tucuman@sinalic.gob.ar
Vicuña Mackenna;6;vicunamackenna.cordoba@sinalic.gob.ar
Cura Brochero;6;curabrochero.cordoba@sinalic.gob.ar
Machagai;4;Machagai.chaco@sinalic.gob.ar
Federacion;8;federacion.entrerios@sinalic.gob.ar
El Rodeito;10;elrodeito.jujuy@sinalic.gob.ar
Nazareno;17;nazareno.salta@sinalic.gob.ar
Malvinas Argentinas;6;malvinasargentinas.cordoba@sinalic.gob.ar
Tecnicar.net;13;tecnicarnet.mendoza@sinalic.gob.ar
Sauce;7;sauce.corrientes@sinalic.gob.ar
Andacollo;15;andacollo.neuquen@sinalic.gob.ar
La Candelaria;17;lacandelaria.salta@sinalic.gob.ar
Villa El Chocon;15;villaelchocon.neuquen@sinalic.gob.ar
Guandacol;12;guandacol.larioja@sinalic.gob.ar
JUAN BAUTISTA ALBERDI;24;juanbautistaalberdi.tucuman@sinalic.gob.ar
Salsipuedes;6;salsipuedes.cordoba@sinalic.gob.ar
Jovita;6;jovita.cordoba@sinalic.gob.ar
Epuyen;5;epuyen.chubut@sinalic.gob.ar
LAGO PUELO;6;lagopuelo.cordoba@sinalic.gob.ar
Villa Regina;16;villaregina.rionegro@sinalic.gob.ar
Villa Urquiza;8;villaurquiza.entrerios@sinalic.gob.ar
Villa Rumipal;6;villarumipal.cordoba@sinalic.gob.ar
Montecristo;6;montecristo.cordoba@sinalic.gob.ar
Trancas;24;trancas.tucuman@sinalic.gob.ar
Federal;8;federal.entrerios@sinalic.gob.ar
Felipe Varela;12;felipevarela.larioja@sinalic.gob.ar
Rio Cuarto;6;riocuarto.cordoba@sinalic.gob.ar
San Antonio;10;sanantonio.jujuy@sinalic.gob.ar
APROCAM;13;aprocam.mendoza@sinalic.gob.ar
Isla de Canas;17;isladecanas.salta@sinalic.gob.ar
Saujil;3;saujil.catamarca@sinalic.gob.ar
Fiambala;3;fiambala.catamarca@sinalic.gob.ar
Villa del Rosario;6;villadelrosario.cordoba@sinalic.gob.ar
Larroque;8;larroque.entrerios@sinalic.gob.ar
Tres Isletas;4;tresisletas.chaco@sinalic.gob.ar
Coronel Rosales;2;licenciasdeconducir@gob.gba.gov.ar
Rivadavia Banda Norte;17;rivadaviabandanorte.salta@sinalic.gob.ar
General Viamonte;2;licenciasdeconducir@gob.gba.gov.ar
ESCOBAR;2;licenciasdeconducir@gob.gba.gov.ar
9 de Julio;2;licenciasdeconducir@gob.gba.gov.ar
General Paz;2;licenciasdeconducir@gob.gba.gov.ar
Vinchina;12;vinchina.larioja@sinalic.gob.ar
PURMAMARCA;10;purmamarca.jujuy@sinalic.gob.ar
General Rodriguez;14;generalrodriguez.misiones@sinalic.gob.ar
Quilmes;11;quimes.lapamapa@sinalic.gob.ar
TOAY;11;toay.lapampa@sinalic.gob.ar
Gilbert;8;gilbert.entrerios@sinalic.gob.ar
Piedra del Aguila;15;piedradelaguila.neuquen@sinalic.gob.ar
Picun Leufu;15;picunleufu.neuquen@sinalic.gob.ar
Las Ovejas;15;lasovejas.neuquen@sinalic.gob.ar
Los Miches;15;losmiches.neuquen@sinalic.gob.ar
COLONIA CAROYA;6;coloniacaroya.cordoba@sinalic.gob.ar
JESUS MARIA;6;jesusmaria.cordoba@sinalic.gob.ar
ARROYITO;6;arroyito.cordoba@sinalic.gob.ar
RIO CEBALLOS;6;rioceballos.cordoba@sinalic.gob.ar
Colonia Ayui;8;coloniaayui.entrerios@sinalic.gob.ar
ABRA PAMPA;10;abrapampa.jujuy@sinalic.gob.ar
Los Menucos;16;losmenucos.rionegro@sinalic.gob.ar
Rio Segundo;6;riosegundo.cordoba@sinalic.gob.ar
EL CARRIL;17;elcarril.salta@sinalic.gob.ar
SANTA MARIA DE PUNILLA;6;santamariadepunilla.cordoba@sinalic.gob.ar
Loncopue;15;loncopue.neuquen@sinalic.gob.ar
La Puerta;6;lapuerta.cordoba@sinalic.gob.ar
CAPILLA DE LOS REMEDIOS;6;capilladelosremedios.cordoba@sinalic.gob.ar
VILLA DE SOTO;6;villadesoto.cordoba@sinalic.gob.ar
ALUMINE;15;alumine.neuquen@sinalic.gob.ar
En Proceso (Salta);17;
Embarcacion;17;embarcacion.salta@sinalic.gob.ar
ROSARIO DEL TALA;8;rosariodeltala@sinalic.gob.ar
San Cosme;7;sancosme.corrientes@sinalic.gob.ar
En Proceso (Chubut);5;
Los Toldos;17;lostoldos.salta@sinalic.gob.ar
El Potrero;17;elpotrero.salta@sinalic.gob.ar
Isla de Cañas;17;isladecanas.salta@sinalic.gob.ar
La Poma;17;lapoma.salta@sinalic.gob.ar
Lago Puelo;5;lagopuelo.chubut@sinalic.gob.ar
Puerto Deseado;20;puertodeseado.santacruz@sinalic.gob.ar
El Chalten;20;elchalten.santacruz@sinalic.gob.ar
Rincon de los Sauces;15;rincondelossauces.neuquen@sinalic.gob.ar
BELLA VISTA;24;bellavista.tucuman@sinalic.gob.ar
Buta Ranquil;15;butaranquil.neuquen@sinalic.gob.ar
COLONIA SANTA ROSA;17;coloniasantarosa.salta@sinalic.gob.ar
Villa Elisa;8;villaelisa.entrerios@sinalic.gob.ar
Hernando;6;hernando.cordoba@sinalic.gob.ar
Escuela Neri;13;escuelaneri.mendoza@sinalic.gob.ar
Pueblo Viejo;10;puestoviejo.jujuy@sinalic.gob.ar
Santa Victoria Oeste;17;santavictoriaoeste.salta@sinalic.gob.ar
Añelo;15;anelo.neuquen@sinalic.gob.ar
Tilisarao;19;tilisarao.sanluis@sinalic.gob.ar
Ibicuy;8;ibicuy.entrerios@sinalic.gob.ar
GOBERNADOR MANSILLA;8;gobernadormansilla.entrerios@sinalic.gob.ar
GENERAL PIZARRO;17;generalpizarro.salta@sinalic.gob.ar
Seguridad Vial Patagonia (Escuela);20;gberton@seguridadvial.gob.ar
Belen;3;belen.catamarca@sinalic.gob.ar
URUNDEL;17;urundel.salta@sinalic.gob.ar
Villa Dominguez;8;villadominguez.entrerios@sinalic.gob.ar
RIO DE LAS PIEDRAS;17;riodelaspiedras.salta@sinalic.gob.ar
EL TALA;17;eltala.salta@sinalic.gob.ar
ANGASTACO;17;ANGASTACO.salta@sinalic.gob.ar
SAN CARLOS;17;sancarlos.salta@sinalic.gob.ar
SUMAMPA;22;sumampa.santiagodelestero@sinalic.gob.ar)
campogallo;22;campogallo.santiagodelestero@sinalic.gob.ar
bandera;22;bandera.santiagodelestero@sinalic.gob.ar
VALCHETA;16;Valcheta.rionegro@sinalic.gob.ar
MAQUINCHAO;16;Maquinchao.rionegro@sinalic.gob.ar
CAMARONES;5;Camarones.chubut@sinalic.gob.ar
SARMIENTO;5;Sarmiento.chubut@sinalic.gob.ar
EPUYEN;5;Epuyen.chubut@sinalic.gob.ar
COLON;8;Colon.entrerios@sinalic.gob.ar
FEDERACION;8;Federacion.entrerios@sinalic.gob.ar
Catrilo;11;catrilo.lapampa@sinalic.gob.ar
Las Lajas;15;laslajas.neuquen@sinalic.gob.ar
El Pingo;8;elpingo.entrerios@sinalic.gob.ar
Tabossi;8;tabossi.entrerios@sinalic.gob.ar
Maria Grande;8;mariagrande.entrerios@sinalic.gob.ar
Hasenkamp;8;hasenkamp.entrerios@sinalic.gob.ar
DOLAVON;5;dolavon.chubut@sinalic.gob.ar
Río Mayo;5;riomayo.chubut@sinalic.gob.ar
Susques;10;susques.jujuy@sinalic.gob.ar
Aguas Calientes;10;aguascalientes.jujuy@sinalic.gob.ar
San Martin;5;sanmartin.chubut@sinalic.gob.ar
Rio Pico;5;riopico.chubut@sinalic.gob.ar
LAVALLE;7;lavalle.corrientes@sinalic.gob.ar
Guardia Mitre;16;
La Adela;11;laadela.lapampa@sinalic.gob.ar
25 de Mayo;11;25demayo.lapampa@sinalic.gob.ar
LANUS;2;licenciasdeconducir@gob.gba.gov.ar
Valle Viejo;3;valleviejo.catamarca@sinalic.gob.ar
Tinogasta;3;tinogasta.catamarca@sinalic.gob.ar
Fray Mamerto Esquiu;3;fraymamertoesquiu.catamarca@sinalic.gob.ar
Andalgala;3;andalgala.catamarca@sinalic.gob.ar
Departamento Gral Belgrano;12;dptogralbelgrano.larioja@sinalic.gob.ar
Alpachiri;11;alpachiri.lapampa@sinalic.gob.ar
Anguil;11;anguil.lapampa@sinalic.gob.ar
Villa Paranacito;8;villaparanacito.entrerios@sinalic.gob.ar
Caviahue - Copahue;15;caviahue.neuquen@sinalic.gob.ar
Clorinda;9;clorinda.formosa@sinalic.gob.ar
SAN JOSE FELICIANO;8;sanjosefeliciano.entrerios@sinalic.gob.ar
HASENKAMP;8;hasenkamp.entrerios@sinalic.gob.ar
Pampa de los Guanacos;22;pampadelosguanacos.santiagodelestero@sinalic.gob.ar
Los Juries;22;losjuries.santiagodelestero@sinalic.gob.ar
LA COCHA;24;lacocha.tucuman@sinalic.gob.ar
SIMOCA;24;simoca.tucuman@sinalic.gob.ar
ALDEA MARIA LUISA;8;aldeamarialuisa.entrerios@sinalic.gob.ar
CERVANTES;16;cervantes.rionegro@sinalic.gob.ar
FERNANDEZ ORO;16;fernandezoro.rionegro@sinalic.gob.ar
CAMPO GRANDE;16;campogrande.rionegro@sinalic.gob.ar
GENERAL ROCA;16;generalroca.rionegro@sinalic.gob.ar
IRUYA;17;iruya.salta@sinalic.gob.ar
HIPOLITO YRIGOYEN;17;hipolitoyrigoyen.salta@sinalic.gob.ar
Ataliva Roca;11;atalivaroca.lapampa@sinalic.gob.ar
Jacinto Arauz;11;jacintoarauz.lapampa@sinalic.gob.ar
Eduardo Castex;11;eduardocastex.lapampa@sinalic.gob.ar
GENERAL OCAMPO;12;GENERALOCAMPO.LARIOJA@SINALIC.GOB.AR
Juan Facundo Quiroga;12;juanfacundoquiroga.larioja@sinalic.gob.ar
Itaibate;7;Itaibate.corrientes@sinalic.gob.ar
Facundo;5;facundo.chubut@sinalic.gob.ar
La Clotilde;4;Laclotilde.chaco@sinalic.gob.ar
Presidencia de la Plaza;4;Presidenciadelaplaza.chaco@sinalic.gob.ar
Gobernador Gregores;20;gobernadorgregores.santacruz@sinalic.gob.ar
Loreto;22;loreto.santiagodelestero@sinalic.gob.ar
Fernandez;22;fernandez.santiagodelesetero@sinalic.gob.ar
PALMA SOLA;10;palmasola.jujuy@sinalic.gob.ar
Trenel;11;trenel.lapampa@sinalic.gob.ar
Santa María;3;santamaria.catamarca@sinalic.gob.ar
Santa Isabel;11;santaisabel.lapampa@sinalic.gob.ar
